INSERT INTO BIRDERS (BIRDER_ID, BIRDER_USERNAME, BIRDER_NAME)
    VALUES ('00001', 'anton', 'Anton de Swardt');
INSERT INTO BIRDERS (BIRDER_ID, BIRDER_USERNAME, BIRDER_NAME)
    VALUES ('00005', 'jacana', 'Jack de Swardt');



INSERT INTO BIRDS (BIRD_ID, BIRD_COMMON_NAME, BIRD_SCIENTIFIC_NAME)
    VALUES ('00001', 'Blackbird', 'Turdus merula');
INSERT INTO BIRDS (BIRD_ID, BIRD_COMMON_NAME, BIRD_SCIENTIFIC_NAME)
    VALUES ('00002', 'Starling', 'Sturnus vulgaris');
INSERT INTO BIRDS (BIRD_ID, BIRD_COMMON_NAME, BIRD_SCIENTIFIC_NAME)
    VALUES ('00003', 'Magpie', 'Pica pica');
INSERT INTO BIRDS (BIRD_ID, BIRD_COMMON_NAME, BIRD_SCIENTIFIC_NAME)
    VALUES ('00004', 'Woodpigeon', 'Columba palumbus');
INSERT INTO BIRDS (BIRD_ID, BIRD_COMMON_NAME, BIRD_SCIENTIFIC_NAME)
    VALUES ('00005', 'Chaffinch', 'Fringilla coelebs');



INSERT INTO LOCATIONS (LOCATION_ID, LOCATION_NAME, LOCATION_TYPE)
	VALUES ('00001', '136 Wayside Green Woodcote', 'SITE');
INSERT INTO LOCATIONS (LOCATION_ID, LOCATION_NAME, LOCATION_TYPE)
	VALUES ('00002', 'Otmoor RSPB Reserve', 'SITE');
INSERT INTO LOCATIONS (LOCATION_ID, LOCATION_NAME, LOCATION_TYPE)
	VALUES ('00003', 'Oracle Office Thames Valley Park', 'SITE');
INSERT INTO LOCATIONS (LOCATION_ID, LOCATION_NAME, LOCATION_TYPE)
	VALUES ('00004', 'Oxfordshire', 'AREA');
INSERT INTO LOCATIONS (LOCATION_ID, LOCATION_NAME, LOCATION_TYPE)
	VALUES ('00005', 'England', 'AREA');
INSERT INTO LOCATIONS (LOCATION_ID, LOCATION_NAME, LOCATION_TYPE)
	VALUES ('00006', 'United Kingdom', 'COUNTRY');
INSERT INTO LOCATIONS (LOCATION_ID, LOCATION_NAME, LOCATION_TYPE)
	VALUES ('00007', 'Europe', 'CONTINENT');
INSERT INTO LOCATIONS (LOCATION_ID, LOCATION_NAME, LOCATION_TYPE)
	VALUES ('99999', 'EARTH', 'WORLD');



INSERT INTO BIRD_LISTS (BIRD_LIST_ID, BIRD_LIST_NAME, BIRDER_ID)
	VALUES ('00001', 'Home List 2016', '00001');
INSERT INTO BIRD_LISTS (BIRD_LIST_ID, BIRD_LIST_NAME, BIRDER_ID)
	VALUES ('00002', 'Home List LIFE', '00001');
INSERT INTO BIRD_LISTS (BIRD_LIST_ID, BIRD_LIST_NAME, BIRDER_ID)
	VALUES ('00003', 'UK List 2016', '00001');
INSERT INTO BIRD_LISTS (BIRD_LIST_ID, BIRD_LIST_NAME, BIRDER_ID)
	VALUES ('00004', 'UK List September 2016', '00001');
INSERT INTO BIRD_LISTS (BIRD_LIST_ID, BIRD_LIST_NAME, BIRDER_ID)
	VALUES ('00005', 'Home List September 2016', '00001');



INSERT INTO SIGHTINGS (SIGHTING_ID, BIRD_ID, LOCATION_ID, BIRDER_ID)
	VALUES ('00000000000000000001','00001','00001','00001');
INSERT INTO SIGHTINGS (SIGHTING_ID, BIRD_ID, LOCATION_ID, BIRDER_ID)
	VALUES ('00000000000000000002','00002','00002','00001');
INSERT INTO SIGHTINGS (SIGHTING_ID, BIRD_ID, LOCATION_ID, BIRDER_ID)
	VALUES ('00000000000000000003','00001','00003','00001');
INSERT INTO SIGHTINGS (SIGHTING_ID, BIRD_ID, LOCATION_ID, BIRDER_ID)
	VALUES ('00000000000000000004','00002','00004','00001');
INSERT INTO SIGHTINGS (SIGHTING_ID, BIRD_ID, LOCATION_ID, BIRDER_ID)
	VALUES ('00000000000000000005','00004','00005','00001');


COMMIT;